nll,brier_score,ece,mce,accuracy
0.14689365682426517,0.037535072345504676,0.09879579574246951,0.6233813067277272,0.9848101265822785
