predicted_class,n_ood_images,mean_confidence,std_confidence,min_confidence,median_confidence,max_confidence,percentage
Eucalyptus_cladocalyx,601,0.8602521605975616,0.0854115570923844,0.3480609357357025,0.8890113234519958,0.9460212588310242,99.01153212520593
Eucalyptus_saligna,4,0.624665841460228,0.19520947983370923,0.4083470106124878,0.6102094650268555,0.8698974251747131,0.6589785831960462
Eucalyptus_grandis,2,0.6474543213844299,0.15951511631421214,0.5346601009368896,0.6474543213844299,0.7602485418319702,0.3294892915980231
